names,locations
Codup,"Karachi, Pakistan"
FiveRivers Technologies,"Lahore, Pakistan"
Origami Studios,"Lahore, Pakistan"
Octavebytes,"Lahore, Pakistan"
Pixelette Technologies,"Lahore, Pakistan"
ArhamSoft,"Lahore, Pakistan"
Ekkel AI,"Lahore, Pakistan"
Zaytrics,"Islamabad, Pakistan"
Xeven Solutions,"Lahore, Pakistan"
PanaceaLogics,"Rawalpindi, Pakistan"
Tezeract,"Karachi, Pakistan"
RevolveAI,"Islamabad, Pakistan"
"Veraqor, Inc.","Karachi, Pakistan"
Data Pilot,"Lahore, Pakistan"
Genesis IT Lab,"Islamabad, Pakistan"
OnDemandStartups,"Rawalpindi, Pakistan"
Kodexo Labs,"Karachi, Pakistan"
Venturenox,"Lahore, Pakistan"
Software Alliance,"Lahore, Pakistan"
Techmate Tech LLC,"Lahore, Pakistan"
AMMAG Technologies,"Lahore, Pakistan"
DiveDeepAI,"Islamabad, Pakistan"
AlgoRepublic,"Lahore, Pakistan"
BearPlex,"Lahore, Pakistan"
Prixite,"Lahore, Pakistan"
Alphabase,"Islamabad, Pakistan"
Quid Sol Pvt. Ltd,"Lahore, Pakistan"
PROXIMA,"Karachi, Pakistan"
AxcelerateAI,"Lahore, Pakistan"
Alfabolt,"Islamabad, Pakistan"
TenX,"Lahore, Pakistan"
INFINITI SOFTWARE,"Islamabad, Pakistan"
STRATAGEM Ventures,"Lahore, Pakistan"
CodeClever,"Lahore, Pakistan"
ALGORYC,"Islamabad, Pakistan"
Red Buffer,"Islamabad, Pakistan"
Techwards,"Karachi, Pakistan"
CodeJunkie,"Islamabad, Pakistan"
DigiArtisan,"Lahore, Pakistan"
Synergistlab,"Lahore, Pakistan"
Devsinc,"Lahore, Pakistan"
Aeyron Technologies (PVT) Ltd.,"Islamabad, Pakistan"
Musketeers Tech Inc.,"Lahore, Pakistan"
Intagleo Systems,"Lahore, Pakistan"
Vodworks,"Lahore, Pakistan"
nullBrainer,"Lahore, Pakistan"
Datics AI,"Lahore, Pakistan"
Prob N Tech,"Faisalabad, Pakistan"
Entspos Developers Incorporate,"Lahore, Pakistan"
Ehsaan Technologies,"Karachi, Pakistan"
Codup,"Karachi, Pakistan"
FiveRivers Technologies,"Lahore, Pakistan"
Origami Studios,"Lahore, Pakistan"
Octavebytes,"Lahore, Pakistan"
Pixelette Technologies,"Lahore, Pakistan"
ArhamSoft,"Lahore, Pakistan"
Ekkel AI,"Lahore, Pakistan"
Zaytrics,"Islamabad, Pakistan"
Xeven Solutions,"Lahore, Pakistan"
PanaceaLogics,"Rawalpindi, Pakistan"
Tezeract,"Karachi, Pakistan"
RevolveAI,"Islamabad, Pakistan"
"Veraqor, Inc.","Karachi, Pakistan"
Data Pilot,"Lahore, Pakistan"
Genesis IT Lab,"Islamabad, Pakistan"
OnDemandStartups,"Rawalpindi, Pakistan"
Kodexo Labs,"Karachi, Pakistan"
Venturenox,"Lahore, Pakistan"
Software Alliance,"Lahore, Pakistan"
Techmate Tech LLC,"Lahore, Pakistan"
AMMAG Technologies,"Lahore, Pakistan"
DiveDeepAI,"Islamabad, Pakistan"
AlgoRepublic,"Lahore, Pakistan"
BearPlex,"Lahore, Pakistan"
Prixite,"Lahore, Pakistan"
Alphabase,"Islamabad, Pakistan"
Quid Sol Pvt. Ltd,"Lahore, Pakistan"
PROXIMA,"Karachi, Pakistan"
AxcelerateAI,"Lahore, Pakistan"
Alfabolt,"Islamabad, Pakistan"
TenX,"Lahore, Pakistan"
INFINITI SOFTWARE,"Islamabad, Pakistan"
STRATAGEM Ventures,"Lahore, Pakistan"
CodeClever,"Lahore, Pakistan"
ALGORYC,"Islamabad, Pakistan"
Red Buffer,"Islamabad, Pakistan"
Techwards,"Karachi, Pakistan"
CodeJunkie,"Islamabad, Pakistan"
DigiArtisan,"Lahore, Pakistan"
Synergistlab,"Lahore, Pakistan"
Devsinc,"Lahore, Pakistan"
Aeyron Technologies (PVT) Ltd.,"Islamabad, Pakistan"
Musketeers Tech Inc.,"Lahore, Pakistan"
Intagleo Systems,"Lahore, Pakistan"
Vodworks,"Lahore, Pakistan"
nullBrainer,"Lahore, Pakistan"
Datics AI,"Lahore, Pakistan"
Prob N Tech,"Faisalabad, Pakistan"
Entspos Developers Incorporate,"Lahore, Pakistan"
Ehsaan Technologies,"Karachi, Pakistan"
Codup,"Karachi, Pakistan"
FiveRivers Technologies,"Lahore, Pakistan"
Origami Studios,"Lahore, Pakistan"
Octavebytes,"Lahore, Pakistan"
Pixelette Technologies,"Lahore, Pakistan"
ArhamSoft,"Lahore, Pakistan"
Ekkel AI,"Lahore, Pakistan"
Zaytrics,"Islamabad, Pakistan"
Xeven Solutions,"Lahore, Pakistan"
PanaceaLogics,"Rawalpindi, Pakistan"
Tezeract,"Karachi, Pakistan"
RevolveAI,"Islamabad, Pakistan"
"Veraqor, Inc.","Karachi, Pakistan"
Data Pilot,"Lahore, Pakistan"
Genesis IT Lab,"Islamabad, Pakistan"
OnDemandStartups,"Rawalpindi, Pakistan"
Kodexo Labs,"Karachi, Pakistan"
Venturenox,"Lahore, Pakistan"
Software Alliance,"Lahore, Pakistan"
Techmate Tech LLC,"Lahore, Pakistan"
AMMAG Technologies,"Lahore, Pakistan"
DiveDeepAI,"Islamabad, Pakistan"
AlgoRepublic,"Lahore, Pakistan"
BearPlex,"Lahore, Pakistan"
Prixite,"Lahore, Pakistan"
Alphabase,"Islamabad, Pakistan"
Quid Sol Pvt. Ltd,"Lahore, Pakistan"
PROXIMA,"Karachi, Pakistan"
AxcelerateAI,"Lahore, Pakistan"
Alfabolt,"Islamabad, Pakistan"
TenX,"Lahore, Pakistan"
INFINITI SOFTWARE,"Islamabad, Pakistan"
STRATAGEM Ventures,"Lahore, Pakistan"
CodeClever,"Lahore, Pakistan"
ALGORYC,"Islamabad, Pakistan"
Red Buffer,"Islamabad, Pakistan"
Techwards,"Karachi, Pakistan"
CodeJunkie,"Islamabad, Pakistan"
DigiArtisan,"Lahore, Pakistan"
Synergistlab,"Lahore, Pakistan"
Devsinc,"Lahore, Pakistan"
Aeyron Technologies (PVT) Ltd.,"Islamabad, Pakistan"
Musketeers Tech Inc.,"Lahore, Pakistan"
Intagleo Systems,"Lahore, Pakistan"
Vodworks,"Lahore, Pakistan"
nullBrainer,"Lahore, Pakistan"
Datics AI,"Lahore, Pakistan"
Prob N Tech,"Faisalabad, Pakistan"
Entspos Developers Incorporate,"Lahore, Pakistan"
Ehsaan Technologies,"Karachi, Pakistan"
Codup,"Karachi, Pakistan"
FiveRivers Technologies,"Lahore, Pakistan"
Origami Studios,"Lahore, Pakistan"
Octavebytes,"Lahore, Pakistan"
Pixelette Technologies,"Lahore, Pakistan"
ArhamSoft,"Lahore, Pakistan"
Ekkel AI,"Lahore, Pakistan"
Zaytrics,"Islamabad, Pakistan"
Xeven Solutions,"Lahore, Pakistan"
PanaceaLogics,"Rawalpindi, Pakistan"
Tezeract,"Karachi, Pakistan"
RevolveAI,"Islamabad, Pakistan"
"Veraqor, Inc.","Karachi, Pakistan"
Data Pilot,"Lahore, Pakistan"
Genesis IT Lab,"Islamabad, Pakistan"
OnDemandStartups,"Rawalpindi, Pakistan"
Kodexo Labs,"Karachi, Pakistan"
Venturenox,"Lahore, Pakistan"
Software Alliance,"Lahore, Pakistan"
Techmate Tech LLC,"Lahore, Pakistan"
AMMAG Technologies,"Lahore, Pakistan"
DiveDeepAI,"Islamabad, Pakistan"
AlgoRepublic,"Lahore, Pakistan"
BearPlex,"Lahore, Pakistan"
Prixite,"Lahore, Pakistan"
Alphabase,"Islamabad, Pakistan"
Quid Sol Pvt. Ltd,"Lahore, Pakistan"
PROXIMA,"Karachi, Pakistan"
AxcelerateAI,"Lahore, Pakistan"
Alfabolt,"Islamabad, Pakistan"
TenX,"Lahore, Pakistan"
INFINITI SOFTWARE,"Islamabad, Pakistan"
STRATAGEM Ventures,"Lahore, Pakistan"
CodeClever,"Lahore, Pakistan"
ALGORYC,"Islamabad, Pakistan"
Red Buffer,"Islamabad, Pakistan"
Techwards,"Karachi, Pakistan"
CodeJunkie,"Islamabad, Pakistan"
DigiArtisan,"Lahore, Pakistan"
Synergistlab,"Lahore, Pakistan"
Devsinc,"Lahore, Pakistan"
Aeyron Technologies (PVT) Ltd.,"Islamabad, Pakistan"
Musketeers Tech Inc.,"Lahore, Pakistan"
Intagleo Systems,"Lahore, Pakistan"
Vodworks,"Lahore, Pakistan"
nullBrainer,"Lahore, Pakistan"
Datics AI,"Lahore, Pakistan"
Prob N Tech,"Faisalabad, Pakistan"
Entspos Developers Incorporate,"Lahore, Pakistan"
Ehsaan Technologies,"Karachi, Pakistan"
